City_ID,City,Lat,Lng,Max Temp,Humidity,Cloudiness,Wind Speed,Country,Date
0,port-aux-francais,-49.35,70.2167,39.92,92,100,29.89,TF,1698198410
1,calvinia,-31.4707,19.776,54.12,56,12,3.94,ZA,1698198410
2,sumbawa besar,-8.5,117.4333,94.14,35,94,7.7,ID,1698198410
3,remire-montjoly,4.9167,-52.2667,82.44,83,20,2.3,GF,1698198411
4,bilibino,68.0546,166.4372,9.28,95,28,3.53,RU,1698198411
5,iqaluit,63.7506,-68.5145,31.73,74,100,8.05,CA,1698198411
6,ardakan,32.31,54.0175,66.11,26,69,2.46,IR,1698198411
7,afaahiti,-17.75,-149.2833,82.27,74,37,13.56,PF,1698198325
8,edinburgh of the seven seas,-37.0676,-12.3116,53.89,88,41,22.44,SH,1698198411
9,chivhu,-19.0211,30.8922,69.67,58,3,2.75,ZW,1698198411
10,wailua homesteads,22.0669,-159.378,82.83,68,40,9.22,US,1698198411
11,papao,-17.75,-149.55,83.88,71,70,12.15,PF,1698198411
12,pisco,-13.7,-76.2167,68.02,88,0,18.41,PE,1698198263
13,west island,-12.1568,96.8225,80.58,78,73,13.8,CC,1698198412
14,stanley,54.868,-1.6985,46.76,95,40,6.91,GB,1698198412
15,huanggang,23.677,116.9996,76.89,70,41,3.69,CN,1698198412
16,mersa matruh,31.3525,27.2453,68.2,88,20,5.75,EG,1698198412
17,hawaiian paradise park,19.5933,-154.9731,83.71,85,75,8.05,US,1698198234
18,watsa,3.0372,29.5355,64.49,98,100,1.57,CD,1698198412
19,port elizabeth,-33.918,25.5701,57.49,88,0,10.36,ZA,1698198338
20,thompson,55.7435,-97.8558,28.56,64,100,9.22,CA,1698198412
21,carutapera,-1.195,-46.02,78.73,78,22,6.82,BR,1698198412
22,grytviken,-54.2811,-36.5092,34.12,91,89,10.71,GS,1698198412
23,petropavlovsk-kamchatsky,53.0452,158.6483,41.59,61,75,2.24,RU,1698198234
24,yeppoon,-23.1333,150.7333,87.58,60,0,11.12,AU,1698198413
25,ivdel',60.6911,60.4206,27.19,73,22,5.01,RU,1698198413
26,waitangi,-43.9535,-176.5597,57.81,93,100,5.99,NZ,1698198413
27,puerto natales,-51.7236,-72.4875,43.45,71,91,14.65,CL,1698198413
28,keflavik,64.0049,-22.5624,43.23,75,75,11.5,IS,1698198413
29,ribeira grande,38.5167,-28.7,69.78,94,100,20.0,PT,1698198413
30,qaqortoq,60.7167,-46.0333,33.06,53,0,6.11,GL,1698198413
31,antonio enes,-16.2325,39.9086,74.48,80,0,11.92,MZ,1698198413
32,tiksi,71.6872,128.8694,-0.87,97,16,9.33,RU,1698198275
33,chonchi,-42.6128,-73.8092,49.21,97,26,3.29,CL,1698198414
34,kayangel,8.0823,134.7173,83.8,75,100,8.48,PW,1698198414
35,adamstown,-25.066,-130.1015,72.72,79,4,8.1,PN,1698198246
36,veinticinco de mayo,-35.4323,-60.1727,52.99,88,2,1.01,AR,1698198415
37,san antonio de pale,-1.4014,5.6325,78.35,82,100,14.16,GQ,1698198415
38,olonkinbyen,70.9221,-8.7187,38.89,89,100,5.68,SJ,1698198415
39,vadso,70.0744,29.7487,28.56,86,75,12.66,NO,1698198415
40,portland,45.5234,-122.6762,50.09,92,100,8.99,US,1698198195
41,sitia,35.2,26.0986,68.99,69,50,1.57,GR,1698198415
42,kenai,60.5544,-151.2583,38.08,61,0,5.75,US,1698198416
43,bredasdorp,-34.5322,20.0403,52.88,82,23,1.7,ZA,1698198416
44,mareeba,-17.0,145.4333,82.49,19,6,7.09,AU,1698198416
45,namibe,-15.1961,12.1522,65.12,84,31,7.31,AO,1698198416
46,albany,42.6001,-73.9662,53.42,76,8,2.42,US,1698198416
47,formosa,-26.1775,-58.1781,71.58,95,100,17.27,AR,1698198416
48,hammerfest,70.6634,23.6821,28.85,54,72,5.75,NO,1698198416
49,longyearbyen,78.2186,15.6401,22.84,86,75,4.61,SJ,1698198416
50,obo,5.3998,26.4869,68.16,94,92,1.97,CF,1698198416
51,margaret river,-33.95,115.0667,70.2,35,12,16.46,AU,1698198417
52,saint-philippe,-21.3585,55.7679,72.99,81,9,5.3,RE,1698198417
53,zhangye,38.9342,100.4517,52.21,26,23,0.69,CN,1698198417
54,kodiak,57.79,-152.4072,44.11,76,0,5.75,US,1698198417
55,ust-nera,64.5667,143.2,5.32,95,89,2.71,RU,1698198417
56,patterson,37.4716,-121.1297,73.35,62,39,1.83,US,1698198417
57,chebarkul',54.9749,60.3633,32.56,96,100,14.36,RU,1698198418
58,maile,-38.9466,-72.3727,47.01,98,2,1.97,CL,1698198418
59,aykhal,66.0,111.5,14.58,96,98,14.18,RU,1698198418
60,island harbour,50.724,-1.2758,53.02,94,100,5.99,GB,1698198418
61,artesia,33.8658,-118.0831,71.83,79,0,8.05,US,1698198419
62,kiunga,-6.1219,141.2906,91.71,40,68,2.48,PG,1698198419
63,mount gambier,-37.8333,140.7667,51.6,58,26,13.33,AU,1698198280
64,ushuaia,-54.8,-68.3,40.66,87,100,27.63,AR,1698198419
65,saipan,15.1355,145.701,88.5,74,40,21.85,MP,1698198419
66,kulhudhuffushi,6.6221,73.07,82.63,74,50,9.33,MV,1698198419
67,blackmans bay,-43.0167,147.3167,48.33,77,100,5.99,AU,1698198419
68,isafjordur,66.0755,-23.124,37.4,83,100,2.57,IS,1698198256
69,touros,-5.1989,-35.4608,76.03,78,74,9.31,BR,1698198419
70,avarua,-21.2078,-159.775,75.25,53,10,4.61,CK,1698198419
71,kadom,54.5592,42.4675,29.48,91,12,5.46,RU,1698198419
72,atafu village,-8.5421,-172.5159,84.18,73,47,10.16,TK,1698198420
73,ak'ordat,15.5486,37.8867,83.03,46,13,2.73,ER,1698198420
74,sao jose da coroa grande,-8.8978,-35.1478,75.11,82,6,7.87,BR,1698198420
75,mont-laurier,46.5501,-75.4993,47.82,85,98,4.18,CA,1698198420
76,pakxan,18.3778,103.6601,81.1,69,91,4.34,LA,1698198420
77,natal,-5.795,-35.2094,77.65,78,20,6.91,BR,1698198420
78,lihue,21.9789,-159.3672,83.44,67,40,9.22,US,1698198420
79,polyarnyy,69.1989,33.4478,31.55,89,99,4.9,RU,1698198420
80,la'ie,21.6477,-157.9253,87.04,61,9,1.99,US,1698198420
81,miches,18.9836,-69.0476,80.58,81,17,9.31,DO,1698198420
82,kamaishi,39.2667,141.8833,67.17,61,52,3.0,JP,1698198421
83,puerto san jose,13.9256,-90.8244,79.88,87,100,8.46,GT,1698198421
84,franklin,39.9667,-83.0166,69.55,59,100,5.75,US,1698198421
85,victorica,-36.2151,-65.4359,61.74,58,100,3.96,AR,1698198421
86,uturoa,-16.7333,-151.4333,80.65,71,70,12.88,PF,1698198421
87,dul'durga,50.6761,113.5931,34.88,46,46,20.47,RU,1698198421
88,udachny,66.4167,112.4,12.97,96,75,7.85,RU,1698198422
89,ataq,14.5377,46.8319,70.25,68,12,1.34,YE,1698198422
90,newman,37.3138,-121.0208,75.54,60,30,1.01,US,1698198246
91,humberto de campos,-2.5983,-43.4611,77.85,79,96,7.52,BR,1698198423
92,mitu,1.1983,-70.1733,74.41,97,100,2.89,CO,1698198357
93,dunedin,-45.8742,170.5036,62.19,63,100,11.03,NZ,1698198423
94,east london,-33.0153,27.9116,60.53,67,4,12.03,ZA,1698198423
95,zhezqazghan,47.7833,67.7667,28.98,86,0,11.18,KZ,1698198370
96,ilulissat,69.2167,-51.1,26.62,59,100,13.8,GL,1698198241
97,tacna,-18.0056,-70.2483,59.2,82,100,5.75,PE,1698198423
98,howard springs,-12.497,131.047,93.11,64,3,5.88,AU,1698198424
99,ghadamis,30.1337,9.5007,81.52,17,82,9.86,LY,1698198424
100,paoua,7.2427,16.4406,71.11,91,99,3.71,CF,1698198424
101,yashkul',46.1711,45.3435,55.99,57,100,5.99,RU,1698198424
102,dudinka,69.4058,86.1778,20.62,97,100,4.0,RU,1698198424
103,sorong,-0.8833,131.25,83.39,70,100,15.79,ID,1698198424
104,whitehorse,60.7161,-135.0538,21.09,62,75,5.75,CA,1698198425
105,clearwater,27.9659,-82.8001,76.98,70,0,16.11,US,1698198308
106,invercargill,-46.4,168.35,65.01,63,99,8.01,NZ,1698198425
107,yellowknife,62.456,-114.3525,23.56,80,100,9.22,CA,1698198243
108,hithadhoo,-0.6,73.0833,81.36,82,17,16.98,MV,1698198426
109,shemysheyka,52.892,45.3928,30.04,86,43,7.81,RU,1698198426
110,el alto,-4.2714,-81.2147,67.66,87,100,15.77,PE,1698198426
111,cabo san lucas,22.8909,-109.9124,78.62,68,0,12.66,MX,1698198147
112,cockburn town,21.4612,-71.1419,82.99,74,41,22.55,TC,1698198426
113,papatowai,-46.5619,169.4708,65.05,53,100,4.32,NZ,1698198427
114,kol'chugino,56.3,39.3833,27.91,87,7,3.74,RU,1698198427
115,khandyga,62.6667,135.6,12.07,90,90,2.8,RU,1698198427
116,belyy yar,53.6039,91.3903,39.09,70,0,17.9,RU,1698198427
117,bethel,41.3712,-73.414,57.65,82,0,5.75,US,1698198427
118,iskateley,67.6803,53.1512,23.02,82,95,10.0,RU,1698198270
119,georgetown,5.4112,100.3354,83.95,84,20,5.01,MY,1698198427
120,mazagao,-0.115,-51.2894,84.25,76,63,5.66,BR,1698198428
121,nar'yan-mar,67.6713,53.087,23.11,82,93,10.0,RU,1698198428
122,roma,43.2128,-75.4557,59.86,65,0,6.91,US,1698198280
123,yuzhno-kurilsk,44.0306,145.8556,56.37,69,11,12.12,RU,1698198428
124,ruidoso,33.3317,-105.673,51.96,79,100,6.91,US,1698198428
125,colonia,50.9333,6.95,49.28,91,0,5.75,DE,1698198131
126,nouadhibou,20.931,-17.0347,73.44,79,31,17.9,MR,1698198428
127,kovdor,67.5662,30.4758,12.58,98,67,2.28,RU,1698198428
128,horasan,40.0458,42.1728,48.85,68,98,3.76,TR,1698198429
129,holbrook,40.8123,-73.0784,59.68,87,40,6.91,US,1698198429
130,klyuchi,52.2667,79.1667,42.44,41,100,16.26,RU,1698198430
131,tanout,14.9709,8.8879,77.14,13,98,9.35,NE,1698198430
132,mangai,-4.05,19.5333,66.58,99,99,1.54,CD,1698198430
133,constantia,44.1833,28.65,57.88,77,100,13.15,RO,1698198430
134,zima,53.9202,102.0442,31.87,54,99,9.98,RU,1698198430
135,mahina,-17.5065,-149.489,83.97,70,75,14.97,PF,1698198430
136,lulea,65.5842,22.1547,26.67,93,100,1.14,SE,1698198304
137,alice springs,-23.7,133.8833,72.95,25,89,16.11,AU,1698198431
138,nabire,-3.3667,135.4833,87.89,58,36,4.76,ID,1698198431
139,sen monorom,12.45,107.2,77.02,77,33,1.92,KH,1698198431
140,opuwo,-18.0607,13.84,70.0,31,10,3.78,NA,1698198431
141,ibipeba,-11.6408,-42.0111,77.4,53,78,4.63,BR,1698198431
142,anadyr,64.75,177.4833,39.0,86,40,13.0,RU,1698198236
143,bonthe,7.5264,-12.505,77.29,87,100,0.36,SL,1698198432
144,talnakh,69.4865,88.3972,20.21,96,100,2.04,RU,1698198432
145,quellon,-43.1167,-73.6167,43.65,88,10,7.27,CL,1698198432
146,jamestown,42.097,-79.2353,67.59,44,0,10.36,US,1698198378
147,center,31.5107,-96.4247,79.25,67,40,11.5,US,1698198432
148,hawick,55.4227,-2.7867,44.8,95,91,4.65,GB,1698198432
149,idri,27.5,13.2667,75.42,23,18,5.91,LY,1698198433
150,enewetak,11.3474,162.3373,84.51,75,86,17.34,MH,1698198433
151,new norfolk,-42.7826,147.0587,49.5,84,100,9.19,AU,1698198433
152,kuala terengganu,5.3302,103.1408,82.35,78,20,5.01,MY,1698198434
153,mazabuka,-15.856,27.748,75.38,45,25,3.85,ZM,1698198434
154,tsiombe,-25.3,45.4833,70.47,91,0,5.08,MG,1698198434
155,sergeyevka,53.88,67.4158,42.28,85,100,21.88,KZ,1698198434
156,fortuna,40.5982,-124.1573,54.93,82,0,4.61,US,1698198434
157,lahij,13.1667,44.5833,79.97,58,61,5.59,YE,1698198434
158,punta arenas,-53.15,-70.9167,41.11,87,75,21.85,CL,1698198158
159,suva,-18.1416,178.4415,80.08,65,40,14.97,FJ,1698198435
160,guerrero negro,27.9769,-114.0611,66.67,77,0,11.36,MX,1698198435
161,tanjung pandan,-2.75,107.65,85.84,61,83,6.38,ID,1698198435
162,peterhead,57.5058,-1.7981,48.6,88,100,25.66,GB,1698198230
163,ta`u,-14.2336,-169.5144,79.36,75,44,20.83,AS,1698198435
164,san pedro,14.35,121.0167,88.32,76,75,7.0,PH,1698198435
165,susice,49.2311,13.5202,56.12,81,100,4.7,CZ,1698198436
166,arraial do cabo,-22.9661,-42.0278,72.32,91,34,15.35,BR,1698198437
167,labrador city,52.9463,-66.9114,35.51,87,100,9.22,CA,1698198303
168,maun,-19.9833,23.4167,78.76,15,0,9.22,BW,1698198438
169,port mathurin,-19.6833,63.4167,73.49,94,75,5.75,MU,1698198256
170,lerwick,60.1545,-1.1494,48.2,87,100,15.05,GB,1698198438
171,puquio,-14.7,-74.1333,57.09,69,99,2.57,PE,1698198438
172,nova sintra,14.8667,-24.7167,75.85,74,15,10.07,CV,1698198438
173,ciudad lazaro cardenas,17.9583,-102.2,78.64,82,100,5.77,MX,1698198438
174,brisas barra de suchiate,14.55,-92.2167,80.71,77,100,4.12,MX,1698198438
175,northam,51.0333,-4.2167,53.65,96,100,17.16,GB,1698198439
176,broken hill,-31.95,141.4333,61.32,29,97,18.61,AU,1698198439
177,naples park,26.2617,-81.8093,75.97,70,21,1.01,US,1698198439
178,vila velha,-20.3297,-40.2925,76.95,86,0,17.27,BR,1698198439
179,konosha,60.9736,40.257,25.18,96,69,5.26,RU,1698198439
180,fale old settlement,-9.3852,-171.2468,83.8,74,13,13.89,TK,1698198439
181,hermanus,-34.4187,19.2345,56.43,76,47,6.13,ZA,1698198439
182,selfoss,63.9331,-20.9971,37.04,73,100,9.22,IS,1698198440
183,happy valley-goose bay,53.3168,-60.3315,41.31,60,75,9.22,CA,1698198440
184,tulun,54.5611,100.5792,31.37,50,96,9.51,RU,1698198440
185,tidjikja,18.5564,-11.4271,83.91,30,13,6.29,MR,1698198440
186,torghay,49.6339,63.4981,43.75,65,100,17.92,KZ,1698198279
187,grand gaube,-20.0064,57.6608,75.6,77,10,10.74,MU,1698198440
188,ghanzi,-21.5667,21.7833,67.84,17,0,9.73,BW,1698198440
189,val-d'or,48.1002,-77.7828,50.09,81,100,9.22,CA,1698198179
190,okha,53.5739,142.9478,41.95,55,6,14.38,RU,1698198441
191,carinhanha,-14.3047,-43.765,84.43,28,52,2.53,BR,1698198441
192,gondal,21.9667,70.8,78.8,48,3,4.45,IN,1698198442
193,constitucion,-35.3333,-72.4167,52.29,88,0,10.83,CL,1698198357
194,antsiranana,-12.2787,49.2917,74.05,93,85,9.13,MG,1698198362
195,susanville,40.4163,-120.653,62.44,35,0,6.91,US,1698198442
196,meadow lake,34.8014,-106.5436,59.11,72,100,6.29,US,1698198442
197,kasongo-lunda,-6.4667,16.8167,68.14,99,83,1.01,CD,1698198442
198,hami,42.8,93.45,52.88,42,8,8.84,CN,1698198442
199,okhotsk,59.3833,143.3,19.53,78,10,15.08,RU,1698198442
200,steszew,52.2837,16.7009,52.88,95,75,3.44,PL,1698198442
201,altagracia de orituco,9.8601,-66.3814,73.42,95,100,3.69,VE,1698198443
202,mhlume,-26.0333,31.85,67.82,66,100,9.84,SZ,1698198443
203,vorgashor,67.5833,63.95,0.5,98,47,5.23,RU,1698198443
204,port moresby,-9.4431,147.1797,78.73,72,64,7.52,PG,1698198443
205,chernyshevskiy,63.0128,112.4714,23.45,86,100,12.57,RU,1698198443
206,eyl,7.9803,49.8164,80.51,83,46,7.2,SO,1698198443
207,titel,45.2061,20.2944,63.79,56,53,12.53,RS,1698198443
208,birobidzhan,48.8,132.95,47.82,52,15,4.25,RU,1698198443
209,mandalgovi,45.7625,106.2708,44.11,30,0,9.1,MN,1698198444
210,revda,56.801,59.9303,24.19,89,100,6.8,RU,1698198444
211,kununurra,-15.7667,128.7333,93.18,46,6,5.75,AU,1698198444
212,kovel,51.2153,24.7087,53.64,80,100,9.91,UA,1698198444
213,aras-asan,8.8908,126.3033,84.33,70,100,1.45,PH,1698198444
214,starobaltachevo,56.0013,55.9213,23.18,89,64,10.63,RU,1698198445
215,kirensk,57.7853,108.1119,30.96,75,67,10.0,RU,1698198445
216,puerto ayora,-0.7393,-90.3518,75.54,93,94,1.99,EC,1698198445
217,ola,59.5833,151.2833,34.14,85,65,5.55,RU,1698198446
218,fonte boa,-2.4959,-66.2662,79.09,83,100,1.05,BR,1698198446
219,williams lake,52.1415,-122.1445,26.17,54,75,9.22,CA,1698198446
220,nemuro,43.3236,145.575,57.29,78,26,11.99,JP,1698198446
221,puerto baquerizo moreno,-0.9,-89.6,75.22,83,89,8.21,EC,1698198446
222,hamilton,39.1834,-84.5333,69.04,65,100,9.22,US,1698198209
223,lebu,-37.6167,-73.65,49.62,85,2,19.24,CL,1698198247
224,l'escala,42.1256,3.1326,64.9,75,100,3.36,ES,1698198446
225,tazovsky,67.4667,78.7,18.81,93,64,5.88,RU,1698198447
226,west plains,36.7281,-91.8524,72.27,59,0,5.99,US,1698198447
227,jwaneng,-24.6004,24.7303,63.23,13,0,11.21,BW,1698198447
228,acarau,-2.8856,-40.12,77.65,80,27,13.27,BR,1698198343
229,margate,51.3813,1.3862,55.9,94,100,1.99,GB,1698198447
230,saint-francois,46.4154,3.9054,55.65,78,98,6.91,FR,1698198355
231,ajaccio,42.0,8.9167,64.45,94,100,8.05,FR,1698198447
232,nova vicosa,-17.8919,-39.3719,75.9,83,4,14.38,BR,1698198448
233,zavoronezhskoye,52.8801,40.5526,31.33,87,21,6.71,RU,1698198448
234,mount pearl,47.5166,-52.7813,39.33,92,20,8.05,CA,1698198448
235,conception bay south,47.4999,-52.9981,39.92,93,6,10.02,CA,1698198261
236,reggane,26.7158,0.1714,83.93,25,100,12.86,DZ,1698198448
237,macusani,-14.0833,-70.4333,40.28,80,99,3.76,PE,1698198448
238,murzuq,25.9155,13.9184,74.97,25,2,8.32,LY,1698198449
239,aasiaat,68.7098,-52.8699,20.79,81,100,12.44,GL,1698198449
240,miles city,46.4083,-105.8406,40.17,81,100,16.11,US,1698198449
241,bayganin,48.6947,55.8742,48.25,89,57,13.62,KZ,1698198449
242,kandahar,31.0,65.75,56.26,33,0,1.01,AF,1698198450
243,nadi,-17.8,177.4167,87.8,48,75,18.41,FJ,1698198235
244,same,-4.0667,37.7333,70.74,81,100,2.95,TZ,1698198450
245,port lincoln,-34.7333,135.8667,56.73,40,81,22.21,AU,1698198450
246,urengoy,65.9667,78.3667,22.28,94,38,5.66,RU,1698198450
247,turpan,42.9333,89.1667,61.59,36,9,3.22,CN,1698198450
248,mogadishu,2.0371,45.3438,80.49,84,78,9.82,SO,1698198197
249,ust'-barguzin,53.45,108.9833,34.66,52,29,9.64,RU,1698198450
250,kasempa,-13.4584,25.8338,67.78,57,63,4.36,ZM,1698198356
251,mount isa,-20.7333,139.5,92.97,15,0,10.36,AU,1698198283
252,port douglas,-16.4833,145.4667,79.77,59,6,7.2,AU,1698198451
253,tofol,5.3248,163.0078,89.38,66,75,2.3,FM,1698198451
254,queenstown,-31.8976,26.8753,47.43,88,0,0.49,ZA,1698198451
255,antofagasta,-23.65,-70.4,61.88,75,45,5.86,CL,1698198451
256,takoradi,4.8845,-1.7554,77.05,90,94,8.03,GH,1698198243
257,nuuk,64.1835,-51.7216,29.01,80,24,6.91,GL,1698198240
258,utrik,11.2278,169.8474,81.9,77,74,12.95,MH,1698198451
259,brookings,44.3114,-96.7984,48.18,92,100,10.36,US,1698198298
260,tazacorte,28.629,-17.9293,68.97,72,20,10.36,ES,1698198452
261,lompoc,34.6391,-120.4579,62.02,87,100,6.91,US,1698198452
262,chibougamau,49.9168,-74.3659,44.22,93,100,4.61,CA,1698198452
263,priozersk,61.0393,30.1291,34.11,79,9,4.99,RU,1698198452
264,santa cruz,-17.8,-63.1667,83.66,61,97,3.44,BO,1698198267
265,lundazi,-12.2929,33.1782,72.09,53,47,7.43,ZM,1698198453
266,mugia,43.1041,-9.2179,62.91,85,70,17.78,ES,1698198453
267,praia da vitoria,38.7333,-27.0667,71.85,88,20,13.67,PT,1698198453
268,badger,64.8,-147.5333,26.47,84,75,0.0,US,1698198344
269,tommot,58.9564,126.2925,24.66,93,100,0.25,RU,1698198453
270,castillos,-34.1667,-53.8333,57.16,79,98,12.03,UY,1698198453
271,umea,63.8284,20.2597,31.93,80,100,4.61,SE,1698198453
272,kyabe,9.4515,18.9449,75.94,60,98,2.24,TD,1698198454
273,springs,-26.25,28.4,64.42,21,0,6.33,ZA,1698198454
274,susuman,62.7833,148.1667,7.99,92,94,1.99,RU,1698198454
275,kingston,17.997,-76.7936,81.55,83,20,3.44,JM,1698198446
276,ranchettes,41.2186,-104.7903,55.06,51,0,6.91,US,1698198454
277,terra rica,-22.7094,-52.6169,70.38,85,100,1.16,BR,1698198454
278,kavieng,-2.5744,150.7967,83.75,75,100,7.85,PG,1698198287
279,funafuti,-8.5243,179.1942,89.6,84,40,12.66,TV,1698198364
280,bousso,10.4795,16.7117,79.47,38,100,1.66,TD,1698198454
281,labytnangi,66.6572,66.4183,19.49,91,100,12.57,RU,1698198455
282,dryden,49.7833,-92.7503,35.89,80,100,4.61,CA,1698198455
283,caleta de carquin,-11.0925,-77.6267,67.89,88,92,13.49,PE,1698198455
284,sena madureira,-9.0656,-68.6569,81.66,64,95,2.64,BR,1698198455
285,nelsonville,39.4587,-82.2318,64.98,81,100,4.92,US,1698198455
286,berriane,32.8265,3.7669,76.01,42,100,9.89,DZ,1698198455
287,ebon,4.582,168.6964,82.15,77,100,10.71,MH,1698198455
288,guiuan,11.0333,125.7247,83.1,75,100,3.44,PH,1698198456
289,akureyri,65.6835,-18.0878,22.93,93,0,0.0,IS,1698198456
290,howrah,22.5892,88.3103,77.0,88,20,5.75,IN,1698198457
291,labuan,5.2767,115.2417,82.76,83,40,0.0,MY,1698198457
292,argo,37.6333,22.7333,67.57,64,92,2.46,GR,1698198457
293,pangai,-19.8,-174.35,77.11,61,75,18.41,TO,1698198457
294,martapura,-3.4167,114.85,77.09,94,20,3.44,ID,1698198457
295,saudarkrokur,65.7461,-19.6394,34.57,76,100,5.59,IS,1698198457
296,newnham,-41.3833,147.1333,56.32,62,75,14.97,AU,1698198457
297,ko lanta,7.5336,99.0865,81.54,75,14,3.15,TH,1698198458
298,kaiyuan,23.6977,103.3037,68.04,76,69,4.0,CN,1698198458
299,kapuskasing,49.4169,-82.4331,44.69,100,100,4.61,CA,1698198263
300,kill devil hills,36.0307,-75.676,64.98,84,0,4.61,US,1698198458
301,isangel,-19.55,169.2667,77.11,78,100,18.41,VU,1698198458
302,tisul',55.7611,88.3122,37.0,80,100,19.64,RU,1698198458
303,kourou,5.1552,-52.6478,82.45,85,25,9.48,GF,1698198458
304,vilyuchinsk,52.9306,158.4028,43.07,60,84,0.85,RU,1698198308
305,turkmenbasy,40.0222,52.9552,61.72,94,33,10.54,TM,1698198458
306,holualoa,19.6228,-155.9522,81.77,71,20,10.36,US,1698198459
307,cadale,2.7603,46.3222,81.23,81,28,9.86,SO,1698198459
308,fort mcmurray,56.7268,-111.381,22.59,58,100,9.22,CA,1698198459
309,sao joao da barra,-21.6403,-41.0511,74.39,89,74,14.5,BR,1698198302
310,la passe,45.5549,-0.8967,61.99,90,88,24.14,FR,1698198272
311,tromso,69.6496,18.957,23.02,68,75,3.44,NO,1698198206
312,codrington,-38.2667,141.9667,51.64,62,56,17.45,AU,1698198460
313,chancay,-11.5714,-77.2672,66.43,91,94,10.0,PE,1698198460
314,karasburg,-28.0167,18.75,62.06,27,0,9.42,NA,1698198460
315,piti village,13.4626,144.6933,89.31,80,75,9.22,GU,1698198461
316,isla del bosque,22.7333,-105.85,77.68,83,15,6.58,MX,1698198260
317,turbat,26.0023,63.044,78.31,66,0,2.28,PK,1698198461
318,sao mateus do maranhao,-4.0417,-44.475,75.61,88,37,6.02,BR,1698198461
319,mejit,10.2753,170.8646,82.2,79,41,12.82,MH,1698198461
320,tangalle,6.024,80.7911,75.36,85,39,4.05,LK,1698198461
321,verkhov'ye,52.8119,37.2425,35.49,86,100,7.63,RU,1698198462
322,powell river,49.8496,-124.5361,41.18,100,100,11.5,CA,1698198462
323,usogorsk,63.4106,48.6872,30.67,86,29,6.35,RU,1698198251
324,khovd,48.0056,91.6419,39.36,23,29,4.5,MN,1698198462
325,berdigestyakh,62.0989,126.6992,24.53,88,100,6.33,RU,1698198462
326,banff,51.1762,-115.5698,14.38,73,89,5.75,CA,1698198462
327,sarakhs,36.5449,61.1577,66.97,29,100,7.58,IR,1698198462
328,nuriootpa,-34.4833,139.0,57.38,35,75,23.04,AU,1698198462
329,llanes,43.4198,-4.7549,64.17,72,96,10.27,ES,1698198463
330,alofi,-19.0595,-169.9187,78.69,50,31,16.11,NU,1698198463
331,al bardiyah,31.7561,25.0865,67.69,86,0,4.09,LY,1698198463
332,vila franca do campo,37.7167,-25.4333,68.41,91,90,14.36,PT,1698198463
333,moyynkum,44.2914,72.9469,55.65,67,79,6.62,KZ,1698198463
334,harstad,68.799,16.5293,33.19,96,79,5.99,NO,1698198303
335,kerikeri,-35.2268,173.9474,72.91,78,89,1.99,NZ,1698198463
336,olyokminsk,60.3736,120.4264,32.58,72,100,11.92,RU,1698198465
337,savonlinna,61.8699,28.88,17.65,93,0,1.14,FI,1698198465
338,zigong,29.3416,104.7769,65.28,82,100,1.39,CN,1698198465
339,sisimiut,66.9395,-53.6735,24.73,72,85,13.47,GL,1698198465
340,bengkulu,-3.8004,102.2655,80.71,76,90,2.08,ID,1698198465
341,vilyuysk,63.7553,121.6247,24.01,95,100,5.01,RU,1698198466
342,arteche,12.2645,125.4048,86.2,68,100,5.35,PH,1698198466
343,richards bay,-28.783,32.0377,65.01,83,29,9.42,ZA,1698198261
344,orcopampa,-15.2661,-72.3417,49.06,81,99,4.03,PE,1698198466
345,college,64.8569,-147.8028,26.55,82,75,1.01,US,1698198194
346,katsuura,35.1333,140.3,68.77,64,100,2.48,JP,1698198466
347,katsuren-haebaru,26.3369,127.8719,80.62,75,75,8.05,JP,1698198466
348,eureka,40.8021,-124.1637,57.74,86,91,1.01,US,1698198429
349,el granada,37.5027,-122.4694,66.07,84,75,16.11,US,1698198466
350,barras,-4.2444,-42.2944,76.17,83,61,4.63,BR,1698198467
351,bandarbeyla,9.4942,50.8122,80.94,81,29,6.98,SO,1698198467
352,acapulco de juarez,16.8634,-99.8901,78.62,94,100,8.05,MX,1698198389
353,anderson,34.5334,-82.6499,57.74,75,0,0.0,US,1698198308
354,kargopol',61.5071,38.9456,26.02,94,32,5.53,RU,1698198467
355,bubaque,11.2833,-15.8333,83.37,74,100,5.41,GW,1698198312
356,magadan,59.5667,150.8,33.53,88,98,7.78,RU,1698198359
357,ambon,-3.6954,128.1814,86.14,70,40,8.05,ID,1698198468
358,gangtok,27.3333,88.6167,61.34,46,0,1.36,IN,1698198468
359,perbaungan,3.5679,98.956,78.91,95,100,4.97,ID,1698198468
360,bam,29.106,58.357,72.27,31,30,7.05,IR,1698198468
361,valga,57.7778,26.0473,35.24,70,100,7.92,EE,1698198468
362,macapa,0.0389,-51.0664,84.18,74,40,11.5,BR,1698198317
363,dalbandin,28.8947,64.4101,69.24,24,4,3.06,PK,1698198469
364,knysna,-34.0363,23.0471,55.42,79,8,4.18,ZA,1698198469
365,nagqu,31.5,92.0,28.67,68,100,4.68,CN,1698198469
366,san patricio,28.017,-97.5169,81.84,77,16,16.46,US,1698198469
367,port macquarie,-31.4333,152.9167,81.16,49,26,10.2,AU,1698198199
368,mirnyy,62.5353,113.9611,26.24,68,98,18.01,RU,1698198469
369,fort st. john,56.2499,-120.8529,19.29,58,75,4.61,CA,1698198469
370,jayapura,-2.5333,140.7,92.59,75,100,6.2,ID,1698198469
371,bernardo de irigoyen,-26.2552,-53.6458,60.55,99,32,2.82,AR,1698198469
372,sosnogorsk,63.6023,53.8817,29.53,89,21,8.99,RU,1698198469
373,arochukwu,5.3898,7.914,71.29,98,100,0.29,NG,1698198469
374,galliano,29.4422,-90.2992,78.8,73,40,10.36,US,1698198470
375,nuku'alofa,-21.1333,-175.2,77.34,61,75,17.27,TO,1698198470
376,tukrah,32.5341,20.5791,72.25,52,0,3.78,LY,1698198470
377,orlu,5.7946,7.035,72.21,97,100,4.9,NG,1698198470
378,horn lake,34.9554,-90.0348,73.74,48,7,10.22,US,1698198470
379,alliance,40.9153,-81.1059,65.8,67,75,9.8,US,1698198344
380,rabaul,-4.1967,152.1721,84.22,70,100,12.71,PG,1698198470
381,moroni,-11.7022,43.2551,78.19,80,36,4.54,KM,1698198470
382,goz beida,13.95,20.55,79.23,17,38,7.52,TD,1698198470
383,kavaratti,10.5669,72.642,82.83,69,12,2.68,IN,1698198470
384,imperatriz,-5.5264,-47.4917,75.74,85,52,2.24,BR,1698198187
385,luderitz,-26.6481,15.1594,63.05,64,0,16.42,NA,1698198471
386,gadzhiyevo,69.2551,33.3362,30.43,90,100,4.79,RU,1698198471
387,karratha,-20.7377,116.8463,99.0,12,0,16.8,AU,1698198335
388,marsh harbour,26.5412,-77.0636,78.1,57,99,24.36,BS,1698198472
389,lakhipur,26.0299,90.3041,71.89,85,13,7.16,IN,1698198472
390,colombo,6.9319,79.8478,76.95,85,81,4.92,LK,1698198472
391,puerto quijarro,-17.7833,-57.7667,82.29,51,55,1.59,BO,1698198300
392,saint-pierre,-21.3393,55.4781,75.56,73,0,3.44,RE,1698198472
393,nantucket,41.2835,-70.0995,57.99,87,0,14.97,US,1698198389
394,rio grande,-32.035,-52.0986,60.94,91,32,13.4,BR,1698198472
395,roccella ionica,38.322,16.4009,71.78,74,100,7.02,IT,1698198472
396,annau,37.8876,58.516,67.5,40,40,6.91,TM,1698198472
397,brasileia,-11.0161,-68.7481,84.18,52,75,4.0,BR,1698198472
398,cho dok,10.7,105.1167,84.18,71,82,4.79,VN,1698198472
399,konarka,19.9,86.1167,77.4,72,54,5.17,IN,1698198473
400,motueka,-41.1333,173.0167,71.1,42,22,4.34,NZ,1698198473
401,long beach,33.767,-118.1892,70.83,84,0,9.22,US,1698198213
402,dakhla,23.6848,-15.958,70.72,75,1,23.26,EH,1698198473
403,neryungri,56.6709,124.6491,26.89,94,100,1.34,RU,1698198473
404,elk city,35.412,-99.4043,70.02,100,75,9.22,US,1698198473
405,mesyagutovo,55.5303,58.2528,28.04,96,100,12.62,RU,1698198473
406,san pedro pochutla,15.7333,-96.4667,76.23,88,100,3.33,MX,1698198473
407,vredendal,-31.6683,18.5012,56.32,80,16,3.29,ZA,1698198473
408,bell ville,-32.6259,-62.6887,58.66,74,91,4.72,AR,1698198473
409,kapit,2.0167,112.9333,86.76,64,90,1.95,MY,1698198474
410,copala,16.65,-98.9833,77.05,88,100,17.87,MX,1698198474
411,mana,5.6592,-53.7767,80.28,87,18,10.94,GF,1698198294
412,nosy varika,-20.5833,48.5333,73.11,94,25,2.93,MG,1698198474
413,freetown,8.484,-13.2299,79.3,82,100,4.52,SL,1698198474
414,ambovombe,-25.1667,46.0833,70.48,91,0,5.3,MG,1698198474
415,aneho,6.2333,1.6,80.8,83,100,8.72,TG,1698198474
416,oltinko'l,40.8011,72.1634,56.14,50,5,3.87,UZ,1698198474
417,alo,7.4178,6.7371,74.97,96,100,3.42,NG,1698198474
418,farasan,16.7022,42.1183,88.66,60,66,3.49,SA,1698198474
419,dolenjske toplice,45.757,15.0591,61.92,84,95,7.54,SI,1698198474
420,chiroqchi,39.0336,66.5722,58.39,48,64,4.72,UZ,1698198475
421,canta,41.1181,28.0803,57.67,100,100,0.0,TR,1698198475
422,guiglo,6.5456,-7.4966,71.82,97,100,1.88,CI,1698198475
423,caconda,-13.7333,15.0667,61.23,83,59,4.99,AO,1698198446
424,biratnagar,26.4831,87.2834,72.57,64,0,5.14,NP,1698198476
425,bajil,15.0584,43.2851,86.02,61,37,2.15,YE,1698198476
426,nueva palmira,-33.8833,-58.4167,53.51,88,0,6.17,UY,1698198476
427,san jose de jachal,-30.2406,-68.7469,63.19,55,72,9.35,AR,1698198476
428,malaya vishera,58.8454,32.2222,28.62,80,12,3.53,RU,1698198476
429,celestun,20.8667,-90.4,82.44,76,31,15.3,MX,1698198476
430,porto novo,6.4965,2.6036,82.22,90,100,4.52,BJ,1698198476
431,banda aceh,5.5577,95.3222,81.01,77,100,3.04,ID,1698198476
432,nema,57.5067,50.5011,17.92,96,8,5.55,RU,1698198477
433,shenjiamen,29.9576,122.298,73.04,76,100,2.55,CN,1698198477
434,mairwa,26.2333,84.15,75.18,62,0,2.91,IN,1698198477
435,pervomayskoye,43.919,46.7102,58.14,82,100,8.66,RU,1698198477
436,tan-tan,28.438,-11.1032,65.3,80,0,8.19,MA,1698198477
437,minas de marcona,-15.2119,-75.1103,56.82,93,94,12.08,PE,1698198477
438,auki,-8.7676,160.7034,86.14,65,98,4.79,SB,1698198477
439,lluta,-16.0147,-72.0142,56.28,56,100,1.39,PE,1698198477
440,moyuta,14.0386,-90.0808,62.71,96,97,1.3,GT,1698198477
441,daru,-9.0763,143.2092,80.53,61,65,9.31,PG,1698198478
442,ayr,55.4627,-4.6339,39.18,93,0,6.91,GB,1698198478
443,singaraja,-8.112,115.0882,86.67,62,57,3.09,ID,1698198478
444,brisas de zicatela,15.8369,-97.0419,79.63,86,100,5.1,MX,1698198478
445,general levalle,-34.0147,-63.9241,58.62,88,6,2.28,AR,1698198478
446,novouzensk,50.4592,48.1431,39.09,68,100,11.88,RU,1698198478
447,malango,-2.9627,119.9001,82.69,54,88,4.34,ID,1698198479
448,sorochinsk,52.4338,53.1583,34.09,78,100,16.26,RU,1698198479
449,qamdo,31.1667,97.2333,33.3,43,0,1.88,CN,1698198479
450,shalqar,47.8333,59.6,49.41,70,100,15.48,KZ,1698198479
451,noumea,-22.2763,166.4572,84.18,82,100,10.45,NC,1698198480
452,port-vila,-17.7338,168.3219,78.4,89,100,19.57,VU,1698198480
453,maputo,-25.9653,32.5892,70.88,72,100,15.43,MZ,1698198452
454,tarawa,1.419,172.984,89.69,70,75,4.61,KI,1698198480
455,usinsk,65.9939,57.5281,12.07,94,69,10.0,RU,1698198480
456,phan rang-thap cham,11.5667,108.9833,83.07,75,92,2.42,VN,1698198480
457,port alfred,-33.5906,26.891,53.19,87,25,1.99,ZA,1698198480
458,oban,56.4127,-5.4706,36.37,89,14,5.37,GB,1698198480
459,estevan,49.1334,-102.9842,30.54,93,100,10.36,CA,1698198480
460,san borja,-14.8167,-66.85,88.3,35,71,2.75,BO,1698198480
461,dwarka,22.2394,68.9678,80.69,72,0,6.26,IN,1698198480
462,aoulef,26.9667,1.0833,84.31,24,100,9.19,DZ,1698198481
463,kailua-kona,19.6406,-155.9956,85.5,71,20,10.36,US,1698198481
464,brokopondo,4.75,-55.1667,78.82,86,58,8.95,SR,1698198481
465,bitkine,11.9801,18.2138,78.21,25,100,2.73,TD,1698198481
466,payerne,46.822,6.9361,52.2,93,40,0.0,CH,1698198481
467,hilo,19.7297,-155.09,83.93,82,75,8.05,US,1698198481
468,pyinmana,19.7333,96.2167,76.96,89,100,0.49,MM,1698198481
469,smithfield,41.922,-71.5495,55.04,92,20,4.61,US,1698198481
470,abepura,-2.6333,140.5833,92.21,46,20,8.05,ID,1698198482
471,knyaze-volkonskoye,48.4642,135.4567,48.0,78,99,5.99,RU,1698198482
472,candon,17.1947,120.4517,84.02,66,100,3.36,PH,1698198483
473,zaozersk,69.4005,32.4476,25.63,96,89,4.05,RU,1698198483
474,fort bragg,35.139,-79.006,56.75,84,0,0.0,US,1698198483
475,kandra,22.85,86.05,73.0,88,20,3.44,IN,1698198483
476,crucecita,-28.95,-58.9833,66.34,78,100,7.78,AR,1698198483
477,north ward,-19.2454,146.8075,84.11,54,20,13.8,AU,1698198483
478,mogocha,53.7333,119.7667,36.36,57,42,11.52,RU,1698198484
479,raikot,30.65,75.6,74.19,42,0,4.38,IN,1698198484
480,kantilo,20.35,85.1833,77.14,75,33,3.4,IN,1698198484
481,bratsk,56.1325,101.6142,27.09,56,100,9.62,RU,1698198484
482,mar del plata,-38.0023,-57.5575,53.62,80,75,10.36,AR,1698198484
483,monett,36.929,-93.9277,72.81,56,100,10.36,US,1698198484
484,sandnessjoen,66.0217,12.6316,27.12,76,100,14.72,NO,1698198484
485,nishinoomote,30.7333,131.0,72.16,68,75,9.22,JP,1698198485
486,aipe,3.2222,-75.2367,84.99,83,96,1.61,CO,1698198485
487,lilongwe,-13.9669,33.7873,75.52,43,14,8.57,MW,1698198485
488,laojunmiao,39.8333,97.7333,47.66,24,0,1.59,CN,1698198485
489,riversdale,18.1659,-76.9642,80.46,95,76,2.51,JM,1698198485
490,flin flon,54.7682,-101.865,24.75,58,79,6.38,CA,1698198276
491,nieuw amsterdam,5.8833,-55.0833,83.01,83,84,8.61,SR,1698198485
492,tabou,4.423,-7.3528,75.49,91,100,6.44,CI,1698198285
493,weno,7.4515,151.8468,85.95,84,100,9.22,FM,1698198486
494,mossel bay,-34.1831,22.146,58.93,77,32,3.58,ZA,1698198486
495,ghat,24.9647,10.1728,76.05,21,1,2.13,LY,1698198487
496,warner robins,32.621,-83.5999,61.79,80,0,4.61,US,1698198487
497,sitka,57.0531,-135.33,44.49,49,0,3.44,US,1698198241
498,baie-comeau,49.2168,-68.1489,47.88,87,100,16.11,CA,1698198487
499,hasaki,35.7333,140.8333,72.28,63,100,6.98,JP,1698198487
500,ghormach,35.7306,63.7826,60.06,30,71,3.8,AF,1698198487
501,cristalina,-16.7686,-47.6136,76.68,48,94,4.99,BR,1698198488
502,morehead city,34.7229,-76.726,63.99,85,0,5.99,US,1698198488
503,crane,31.3974,-102.3501,72.21,78,0,16.62,US,1698198488
504,mahebourg,-20.4081,57.7,75.49,88,20,5.75,MU,1698198488
505,arapgir,39.0412,38.4952,56.43,63,2,1.86,TR,1698198488
506,geraldton,-28.7667,114.6,90.01,14,0,23.02,AU,1698198488
507,mitsamiouli,-11.3847,43.2844,79.12,85,70,12.3,KM,1698198488
508,puerto aysen,-45.4,-72.7,45.37,96,73,4.7,CL,1698198488
509,ujae,8.9322,165.7642,83.98,76,92,14.41,MH,1698198488
510,mil'kovo,55.6078,37.7956,30.97,83,8,3.76,RU,1698198489
511,ilebo,-4.3167,20.5833,69.3,99,100,0.81,CD,1698198489
512,prince rupert,54.3161,-130.3201,44.29,36,0,25.32,CA,1698198207
513,saldanha,-33.0117,17.9442,57.06,80,44,10.85,ZA,1698198320
514,san carlos de bariloche,-41.1456,-71.3082,51.55,58,0,12.66,AR,1698198225
515,mata-utu,-13.2816,-176.1745,81.5,80,88,18.32,WF,1698198489
516,urangan,-25.3,152.9,74.52,72,0,14.38,AU,1698198489
517,egersund,58.4513,5.9997,47.08,71,100,25.26,NO,1698198489
518,taksimo,56.3444,114.8794,28.49,53,99,9.78,RU,1698198489
519,edmundston,47.3737,-68.3251,45.73,80,100,5.75,CA,1698198490
520,maloye ganyushkino,46.6,49.2667,48.9,72,52,9.95,KZ,1698198490
521,buala,-8.145,159.5921,84.24,74,54,6.89,SB,1698198490
522,kargasok,59.0556,80.8572,30.96,77,100,11.99,RU,1698198490
523,chokwe,-24.5333,32.9833,72.54,76,93,17.72,MZ,1698198490
524,soderhamn,61.3037,17.0592,33.96,83,37,4.36,SE,1698198490
525,hotan,37.0997,79.9269,55.6,21,0,2.95,CN,1698198491
526,buka,40.8108,69.1986,54.41,50,3,0.6,UZ,1698198491
527,taguatinga,-12.3857,-46.5711,85.62,39,100,3.27,BR,1698198310
528,berezovyy,51.6667,135.7,44.38,47,22,2.86,RU,1698198491
529,obligado,-27.0333,-55.6333,69.12,98,100,2.98,PY,1698198491
530,messini,37.0511,22.0078,70.18,94,78,2.3,GR,1698198491
531,abuyog,10.6667,125.05,83.25,80,78,1.7,PH,1698198491
532,svetogorsk,61.1121,28.8632,24.39,82,19,3.96,RU,1698198491
533,st. john's,47.5649,-52.7093,40.15,92,20,8.05,CA,1698198320
534,zhumadian,32.9794,114.0294,72.84,54,100,2.82,CN,1698198491
535,novska,45.3406,16.9769,61.7,67,1,10.4,HR,1698198492
536,yibin,28.7667,104.6238,65.82,85,100,1.72,CN,1698198492
537,crystal city,28.6775,-99.8281,82.51,54,75,9.22,US,1698198434
538,sola,-13.8833,167.55,79.86,81,100,20.6,VU,1698198492
539,glace bay,46.1969,-59.957,44.78,87,40,6.91,CA,1698198492
540,kone,-21.0595,164.8658,74.75,78,100,6.51,NC,1698198329
541,wundanyi,-3.4019,38.364,63.05,89,100,3.15,KE,1698198492
542,carloforte,39.145,8.3058,70.02,73,100,14.27,IT,1698198492
543,sao paulo de olivenca,-3.3783,-68.8725,75.42,92,97,0.83,BR,1698198492
544,itupiranga,-5.1347,-49.3267,75.52,82,76,1.43,BR,1698198492
545,gorontalo,0.5412,123.0595,90.36,53,25,6.31,ID,1698198308
546,uttar char fasson,22.2332,90.7132,77.2,81,100,7.67,BD,1698198493
547,portoferraio,42.8115,10.3146,68.58,70,3,1.59,IT,1698198493
548,cill airne,52.05,-9.5167,44.31,94,0,3.22,IE,1698198493
549,jingdezhen,29.2947,117.2079,75.47,61,100,0.74,CN,1698198493
550,podgornoye,51.735,39.1496,44.65,87,100,6.71,RU,1698198493
551,sao felix do xingu,-6.6447,-51.995,74.84,87,69,0.76,BR,1698198308
552,tezpur,26.6333,92.8,72.19,79,21,3.96,IN,1698198494
553,tralee,52.2704,-9.7026,44.42,93,0,4.14,IE,1698198494
554,minzhu,43.7286,127.3447,56.71,68,44,3.85,CN,1698198494
555,beaune,47.0833,4.75,44.24,92,100,7.63,FR,1698198494
556,havre,49.5833,0.3333,53.37,87,75,9.22,FR,1698198494
